{
  "tinker_run_ids": [
    "bf2c5822-a8fa-5e88-9afb-a910bdfd3332:train:0",
    "2c36e164-cea3-57ac-88fa-fc5ab308216f:train:0",
    "77407c0d-a73f-5ed3-a682-bcafa61a5e79:train:0",
    "0826c65a-fd17-54a7-8f6f-3655577aa96b:train:0"
  ],
  "latest_step": 5,
  "_metrics_builder_state": {
    "cum_state": {
      "data/cum/num_scenarios": 240.0,
      "data/cum/num_trajectories": 960.0,
      "data/cum/num_groups_submitted": 240.0,
      "data/cum/num_groups_trainable": 240.0,
      "data/cum/num_datums": 5058.0,
      "data/cum/trainer_tokens": 4081656.0,
      "costs/cum/train/tinker_train": 4.36737192,
      "time/cum/trainer_s": 320.12140195816755,
      "costs/cum/train": 4.36737192,
      "costs/cum/all": 4.36737192
    },
    "unique_scenario_ids": [
      "gen-0003",
      "gen-0033",
      "gen-0043",
      "gen-0026",
      "gen-0006",
      "gen-0017",
      "gen-0032",
      "gen-0025",
      "gen-0015",
      "gen-0021",
      "gen-0031",
      "gen-0036",
      "gen-0016",
      "gen-0011",
      "gen-0048",
      "planning-q3",
      "incident-review",
      "gen-0023",
      "gen-0027",
      "gen-0022",
      "gen-0035",
      "gen-0002",
      "gen-0019",
      "gen-0049",
      "design-review",
      "gen-0039",
      "sales-sync",
      "retention-policy",
      "gen-0012",
      "gen-0045",
      "gen-0005",
      "gen-0037",
      "gen-0024",
      "gen-0013",
      "gen-0046",
      "gen-0041",
      "gen-0009",
      "gen-0034",
      "gen-0029",
      "gen-0007",
      "gen-0044",
      "gen-0004",
      "gen-0042",
      "gen-0001",
      "gen-0047",
      "gen-0014",
      "gen-0018",
      "gen-0038"
    ]
  }
}